﻿{"cameraMode":{"drawMode":0,"name":"Shaded","section":"Shading Mode"},"sceneLighting":true,"audioPlay":false,"sceneViewState":{"showFog":true,"showMaterialUpdate":false,"showSkybox":true,"showFlares":true,"showImageEffects":true,"showParticleSystems":true},"in2DMode":false,"pivot":{"x":-346.866943359375,"y":-154.2822265625,"z":292.2093505859375},"rotation":{"x":-0.23247700929641725,"y":0.3501027822494507,"z":-0.09014209359884262,"w":-0.9029158353805542},"size":1782.490234375,"orthographic":false}